{"cameraMode":{"drawMode":0,"name":"Shaded","section":"Shading Mode"},"sceneLighting":true,"audioPlay":false,"sceneViewState":{"m_AlwaysRefresh":false,"showFog":true,"showSkybox":true,"showFlares":true,"showImageEffects":true,"showParticleSystems":true,"showVisualEffectGraphs":true,"m_FxEnabled":true},"in2DMode":false,"pivot":{"x":1.437798023223877,"y":1.5522971153259278,"z":2.5443997383117677},"rotation":{"x":-0.6209771037101746,"y":0.019029898568987848,"z":-0.015103262849152089,"w":-0.7834752202033997},"size":13.412147521972657,"orthographic":false}