{"cameraMode":{"drawMode":0,"name":"Shaded","section":"Shading Mode"},"sceneLighting":true,"audioPlay":false,"sceneViewState":{"m_AlwaysRefresh":false,"showFog":true,"showSkybox":true,"showFlares":true,"showImageEffects":true,"showParticleSystems":true,"showVisualEffectGraphs":true,"m_FxEnabled":true},"in2DMode":false,"pivot":{"x":0.08078503608703613,"y":-2.2179458141326906,"z":6.688715934753418},"rotation":{"x":-0.24237102270126344,"y":-0.002331692259758711,"z":0.000582391454372555,"w":-0.9701813459396362},"size":7.87944221496582,"orthographic":false}