{"cameraMode":{"drawMode":0,"name":"Shaded","section":"Shading Mode"},"sceneLighting":true,"audioPlay":false,"sceneViewState":{"m_AlwaysRefresh":false,"showFog":true,"showSkybox":true,"showFlares":true,"showImageEffects":true,"showParticleSystems":true,"showVisualEffectGraphs":true,"m_FxEnabled":true},"in2DMode":false,"pivot":{"x":-0.5220209956169128,"y":-0.09893907606601715,"z":-4.471414566040039},"rotation":{"x":0.3948497474193573,"y":0.004956871271133423,"z":-0.002130246488377452,"w":0.9187336564064026},"size":0.6024260520935059,"orthographic":false}